"CRS SUBJ CD","CRS NBR","CRS TITLE","DEPT CD","DEPT NAME","A","B","C","D","F","ADV","CR","DFR","I","NG","NR","O","PR","S","U","W","Primary Instructor","Grade Regs"
"BA","351","Legal Environment of Business","2785","Business Administration Admini","17","1","2","0","0","0","0","0","0","0","0","0","0","0","0","0","Lum, Jason Kai Ming","20"
"BIOS","120","Populations & Communities","2453","Biological Sciences","17","19","3","3","1","0","0","0","0","0","0","0","0","0","0","2","Molumby, Alan J","45"
"BVIS","500","BVIS Techniques","2318","Biomed & Health Info Sciences","21","0","0","0","0","0","0","0","0","0","0","0","0","0","0","0","Bond, Samantha G","21"
"BVIS","520","Modeling II","2318","Biomed & Health Info Sciences","18","3","0","0","0","0","0","0","0","0","0","0","0","0","0","0","Lebowicz, Leah Amanda","21"
"CHEM","222","Analytical Chemistry","2458","Chemistry","12","16","4","1","2","0","0","0","0","0","0","0","0","0","0","5","Bolotin, Igor L.","40"
"CLJ","101","Intro to Crim, Law, & Justice","2909","Criminology, Law, and Justice","9","2","1","0","0","0","0","0","0","0","0","0","0","0","0","0","Matoesian, Greg","12"
"CLJ","262","Research Methods II","2909","Criminology, Law, and Justice","13","5","0","0","0","0","0","0","1","0","0","0","0","0","0","0","Schuck, Amie","19"
"CS","109","Prog for Engineers w/MatLab","2699","Computer Science","25","10","1","0","0","0","0","0","0","0","0","0","0","0","0","0","Reckinger, Scott J","36"
"CS","211","Programming Practicum","2699","Computer Science","21","12","5","2","6","0","0","0","0","0","0","0","0","0","0","3","Ghasemisharif, Mohammad","49"
"DAOB","341","Applied Oral and Behav Sci IX","2758","Dentistry Administration","54","22","0","0","0","0","0","45","0","0","0","0","0","0","0","0","Ward, Stephanie M","121"
"ECE","266","Intro to Embedded Systems","2949","Electrical & Computer Engr","6","2","3","3","3","0","0","0","0","0","0","0","0","0","0","0","Zhu, Zhichun","17"
"ECE","317","DSP I","2949","Electrical & Computer Engr","6","3","3","0","0","0","0","0","0","0","0","0","0","0","0","0","Cetin, Ahmet Enis","12"
"ECE","341","Probabil &Rand Proc for Engr","2949","Electrical & Computer Engr","0","0","0","0","0","0","0","0","0","0","12","0","0","0","0","2","Yardimci Cetin, Yasemin","14"
"ED","505","Paradigms and Processes","2208","Education","24","0","0","0","0","0","0","0","0","0","0","0","0","0","0","0","Rosario-Moore, Alexis L","24"
"ENGL","159","Academic Writing Workshop","2492","English","3","11","2","0","2","0","0","0","0","0","0","0","0","0","0","0","Bohne, Amanda","18"
"ENGL","161","Academic Writing II","2492","English","6","5","2","1","1","0","0","0","0","0","0","0","0","0","0","0","Magoon, Mark","15"
"ENTR","444","Entrepreneurial Finance","2846","Managerial Studies","9","7","2","3","0","0","0","0","0","0","0","0","0","0","0","0","Porter, Brian Ernst","21"
"EPSY","255","Child Dev Contemp Society","2621","Educational Psychology","18","3","1","1","1","0","0","0","0","0","0","0","0","0","0","1","Coba-Rodriguez, Sarai Estefania","25"
"EPSY","523","Adv Curriculum & Practice","2783","Curriculum and Instruction","34","0","0","0","0","0","0","0","3","0","0","0","0","0","0","0","Dennis, Sarah Elizabeth","37"
"FIN","516","Options and Futures Markets","2691","Finance","3","10","0","0","1","0","0","0","0","0","0","0","0","0","0","0","Miller, John Paul","14"
"HON","322","Honors Capstone","2310","Honors College","0","0","0","0","0","0","0","7","0","0","0","0","0","4","0","0","McCloud, Stacie L","11"
"HPA","459","Health Inequities in the US","2399","Health Policy & Administration","11","3","0","0","0","0","0","0","0","0","0","0","0","0","0","0","Samson, Linda F","14"
"IDS","355","Operations Management","2672","Information/Decision Sciences","38","28","11","3","2","0","0","0","0","0","0","0","0","0","0","2","Ouksel, Aris M","84"
"IDS","532","Intro to Operations Mgmt","2672","Information/Decision Sciences","46","1","0","0","0","0","0","0","1","0","0","0","0","0","0","1","Liotine, Matthew","49"
"JD","525","Cyberspace Law","2984","UIC Law","8","3","2","0","0","0","0","0","0","0","0","0","0","0","0","2","Sorkin, David E","15"
"LAS","289","LAS Internship","2410","LAS Administration","0","0","0","0","0","0","0","0","0","0","0","0","0","13","3","0","Gallagher, Lauren","16"
"MATH","165","Calculus for Business","2610","Math, Statistics, & Comp Scnc","18","8","4","1","0","0","0","0","0","0","0","0","0","0","0","3","Ash, William Ray","34"
"MBA","570","Enterprise Strategy","2785","Business Administration Admini","16","1","0","0","0","0","0","0","0","0","0","0","0","0","0","0","Barlow, Christopher","17"
"ACTG","315","Intermediate Financial Actg I","2656","Accounting","14","3","1","1","0","0","0","0","0","0","0","0","0","0","0","0","Jastrzebski, Ronald J","19"
"ACTG","326","Cost Accounting","2656","Accounting","9","9","4","0","0","0","0","0","0","0","0","0","0","0","0","0","Maksy, Mostafa","22"
"BIOS","110","Biol of Cells & Organisms","2453","Biological Sciences","54","33","8","7","6","0","0","0","3","0","0","0","0","0","0","8","Muller, Michael T","119"
"BIOS","222","Cell Biology","2453","Biological Sciences","11","20","8","1","1","0","0","0","0","0","0","0","0","0","0","5","Linn, Stephen Carl","46"
"BSTT","413","Intro to Data Analysis w/ R","2891","Epidemiology and Biostatistics","15","3","0","0","0","0","0","0","2","0","0","0","0","0","0","1","Awadalla, Saria Salah","21"
"BVIS","552","Graphic Design","2318","Biomed & Health Info Sciences","19","2","0","0","0","0","0","0","0","0","0","0","0","0","0","0","Schaar, Christine Anne","21"
"CHEM","314","Inorganic Chemistry","2458","Chemistry","6","3","1","0","4","0","0","0","0","0","0","0","0","0","0","1","Jursich, Gregory","15"
"CHEM","343","Physical Chemistry Lab","2458","Chemistry","8","2","3","0","0","0","0","0","0","0","0","0","0","0","0","3","Papadantonakis, George A","16"
"CI","504","Secondary Literacy","2783","Curriculum and Instruction","14","0","0","0","0","0","0","0","0","0","0","0","0","0","0","1","Phillips, Nathan C","15"
"CLER","606","Family Medicine","2675","Family and Community Medicine","0","0","0","0","0","11","0","0","0","0","37","6","2","0","0","0","Hanjrah, Sagina","56"
"CLER","617","Psychiatry","2500","Psychiatry & Behavioral Med","0","0","0","0","0","3","0","5","0","0","8","8","1","0","0","0","Bruce, Timothy J","25"
"CLER","618","Pediatrics","2821","Pediatrics","0","0","0","0","0","7","0","7","0","0","5","5","0","0","0","0","Kramer, Elizabeth Jane","24"
"CLER","635","Medicine","2532","Med & Medical Specialties","0","0","0","0","0","6","0","0","0","0","10","2","0","0","0","0","Thomas, Dorian E","18"
"CME","260","Properties Of Materials","2737","Civil, Matls & Env Engineering","27","5","1","2","2","0","0","0","0","0","0","0","0","0","0","1","Ataei, Hossein","38"
"COMM","465","Video Games and Society","2493","Communication","10","2","0","0","0","0","0","0","0","0","0","0","0","0","0","0","Gray, Kishonna Leah","12"
"ECON","121","Principles of Macroeconomics","2525","Economics","25","4","4","2","5","0","0","0","1","0","0","0","0","0","0","1","Yektansani, Kiana","42"
"ECON","216","Econ of Sports & Entmnt","2525","Economics","5","7","3","2","0","0","0","0","0","0","0","0","0","0","0","0","Bhandari, Ryan Anil","17"
"ECON","221","Macroeconomics","2525","Economics","3","9","8","0","1","0","0","0","0","0","0","0","0","0","0","0","Karras, Georgios","21"
"ED","307","Nature & Practices of Nat Sci","2208","Education","10","0","0","0","0","0","0","0","0","0","0","0","0","0","0","0","Nishimura, Marlynne K","10"
"ENDO","620","Endodontics Clinic","2216","Endodontics","0","0","0","0","0","0","0","0","0","0","10","0","0","0","0","0","Johnson, Bradford Ray","10"
"FIN","250","Personal Finance","2691","Finance","0","0","0","0","0","0","0","0","0","0","10","0","0","0","0","0","Bateman, Donald Andrew","10"
"FIN","302","Introduction to Investments","2691","Finance","45","3","1","0","1","0","0","0","0","0","0","0","0","0","0","2","Lin, Jerchern","52"
"FIN","500","Intro to Corp Finance","2691","Finance","13","6","0","0","0","0","0","0","0","0","0","0","0","0","0","1","Healy, Thomas Charles","20"
"FIN","500","Intro to Corp Finance","2691","Finance","10","12","0","0","1","0","0","0","0","0","0","0","0","0","0","0","Hu, Xiaoqing","23"
"FIN","510","Investments","2691","Finance","12","12","4","0","2","0","0","0","0","0","0","0","0","0","0","0","Bondarenko, Oleg P","30"
"IDS","532","Intro to Operations Mgmt","2672","Information/Decision Sciences","27","7","0","0","0","0","0","0","1","0","0","0","0","0","0","0","Ozdogru, Unsal","35"
"IPHS","500","Population Health Seminar","2592","School of Public Health","43","7","0","0","0","0","0","0","0","0","0","0","0","0","0","0","Dworkin, Mark Steven","50"
"IPHS","594","Systems Thinking","2592","School of Public Health","11","0","0","0","0","0","0","0","0","0","0","0","0","0","0","0","Pinsker, Eve C","11"
"ANTH","102","Intro to Archaeology","2841","Anthropology","24","6","3","2","1","0","0","0","0","0","0","0","0","0","0","0","LaMotta, Vincent","36"
"BHIS","515","Mgmt Hlth Care Comm Syst","2318","Biomed & Health Info Sciences","30","25","5","2","0","0","0","0","0","0","0","0","0","0","0","3","Ponder, Anthony","65"
"BHIS","595","BHIS Seminar","2318","Biomed & Health Info Sciences","0","0","0","0","0","0","0","1","0","0","0","0","0","20","0","0","Daugherty, John M","21"
"BIOS","325","Human Embryology","2453","Biological Sciences","48","13","5","0","3","0","0","0","0","0","0","0","0","0","0","0","McGinley, Andrea Louise","69"
"BVIS","501","Professional Practices","2318","Biomed & Health Info Sciences","16","5","0","0","0","0","0","0","0","0","0","0","0","0","0","0","Daugherty, John M","21"
"CHEM","123","General Chemistry Lab I","2458","Chemistry","14","22","18","6","7","0","0","0","0","0","0","0","0","0","0","2","Grad Asst","69"
"CHEM","232","Organic Chemistry I","2458","Chemistry","13","11","21","5","10","0","0","0","0","0","0","0","0","0","0","12","Yermolina, Maria V","72"
"CHSC","423","Community Health 3","2245","Community Health Sciences","24","0","0","0","0","0","0","0","1","0","0","0","0","0","0","0","Shapiro-Berkson, Stephanie B","25"
"CI","464","Bilingualism and Literacy","2783","Curriculum and Instruction","13","8","0","1","0","0","0","0","0","0","0","0","0","0","0","1","Tanabe, Margaret Ann","23"
"CLER","620","Medicine","2554","Internal Medicine","0","0","0","0","0","4","0","6","0","0","8","1","1","0","0","0","Fischer, Jacqueline L","20"
"CLER","631","Obstetrics and Gynecology","2677","Obstetrics & Gynecology","0","0","0","0","0","7","0","0","0","0","11","4","0","0","0","0","Thomas, Dorian E","22"
"CME","203","Strength Of Materials","2737","Civil, Matls & Env Engineering","9","6","2","0","0","0","0","0","0","0","0","0","0","0","0","0","Iranmanesh, Amirhossein","17"
"CME","205","Structural Analysis I","2737","Civil, Matls & Env Engineering","5","5","3","1","1","0","0","0","0","0","0","0","0","0","0","0","Issa, Mohsen","15"
"COMM","240","Data Journalism","2493","Communication","15","1","2","0","1","0","0","0","0","0","0","0","0","0","0","0","Reilley, Michael","19"
"CS","251","Data Structures","2699","Computer Science","24","24","10","6","0","0","0","0","0","0","14","0","0","0","0","6","Lillis, John P","84"
"CS","480","Database Systems","2699","Computer Science","41","7","6","2","4","0","0","0","0","0","0","0","0","0","0","2","Diaz Herrera, Diana","62"
"CS","599","PhD Thesis Research","2699","Computer Science","0","0","0","0","0","0","0","0","0","0","0","0","0","13","0","0","Yu, Philip S","13"
"DAOB","321","Applied Oral and Behav Sci III","2758","Dentistry Administration","43","20","0","0","0","0","0","6","0","0","0","0","0","0","0","0","Chang, Priscilla Pauline","69"
"DHD","594","Technology to Support UDL","2871","Disability & Human Development","16","0","0","0","0","0","0","0","1","0","0","0","0","0","0","0","Skalitzky, Jennifer Trunk","17"
"DOSI","341","Oral/Systemc Issue in Dent I","2758","Dentistry Administration","0","0","0","0","0","0","0","0","0","0","121","0","0","0","0","0","Hofmeister, Jamie Lynn","121"
"ECON","120","Principles of Microeconomics","2525","Economics","28","6","5","0","1","0","0","0","0","0","0","0","0","0","0","2","Grad Asst","42"
"ENGL","222","Tutoring in Writing Center","2492","English","11","1","0","0","0","0","0","0","0","0","0","0","0","0","0","0","Aleksa, Vainis","12"
"EPID","591","Current Epid Literature","2891","Epidemiology and Biostatistics","0","0","0","0","0","0","0","0","0","0","0","0","0","30","0","0","Olshansky, Stuart Jay","30"
"EPSY","503","Quantitative Inquiry in Ed","2621","Educational Psychology","17","1","1","0","0","0","0","0","0","0","0","0","0","0","0","0","Smith, Everett V","19"
"FIN","301","Intro to Managerial Finance","2691","Finance","41","5","2","0","1","0","0","0","0","0","0","0","0","0","0","0","Arslan Ayaydin, Ozgur","49"
"HIM","481","Healthcare Financial Mgmt","2318","Biomed & Health Info Sciences","1","3","8","1","1","0","0","0","0","0","0","0","0","0","0","0","Ramirez, Gideon","14"
"HIM","486","Foundations of HIM","2318","Biomed & Health Info Sciences","9","7","2","0","1","0","0","0","0","0","0","0","0","0","0","1","Hitchcock, Lois Marie","20"
"HON","222","Honors Activity","2310","Honors College","0","0","0","0","0","0","0","11","0","0","0","0","0","15","0","0","McCloud, Stacie L","26"
"ACTG","210","Intro Financial Accounting","2656","Accounting","11","22","8","1","4","0","0","0","0","0","0","0","0","0","0","3","Eccher, Elizabeth","49"
"ACTG","435","Auditing","2656","Accounting","4","6","0","0","1","0","0","0","0","0","0","0","0","0","0","0","Atatsi, Joseph","11"
"BHIS","541","Health Data Analytics","2318","Biomed & Health Info Sciences","24","2","0","0","0","0","0","0","0","0","0","0","0","0","0","2","Krive, Jacob","28"
"BIOS","230","Evolution and Ecology","2453","Biological Sciences","27","10","2","1","1","0","0","0","1","0","0","0","0","0","0","2","Ale, Som Bahadur","44"
"BIOS","310","Genetics Laboratory","2453","Biological Sciences","4","10","6","7","1","0","0","0","0","0","0","0","0","0","0","0","Chong, Jer Pin","28"
"CI","482","Testing &Instruct:Bilingualism","2783","Curriculum and Instruction","10","0","0","0","0","0","0","0","0","0","0","0","0","0","0","1","Zaragoza, Massiel","11"
"CME","494","CME Project Financial Mgmt","2737","Civil, Matls & Env Engineering","28","0","0","0","0","0","0","0","0","0","0","0","0","0","0","1","Ataei, Hossein","29"
"COMM","460","Visual Communication","2493","Communication","8","0","1","0","0","0","0","0","0","0","1","0","0","0","0","0","Gray, Kishonna Leah","10"
"DCLE","341","Community Learning Exper I","2758","Dentistry Administration","0","0","0","0","0","0","0","0","0","0","121","0","0","0","0","0","Noorullah, Khatija","121"
"DHD","567","AAC Autism Spectrum Disorder","2871","Disability & Human Development","25","1","0","0","0","0","0","0","1","0","0","0","0","0","0","0","Politano, Patricia","27"
"ECE","265","Intro to Logic Design","2949","Electrical & Computer Engr","6","1","1","1","1","0","0","0","0","0","0","0","0","0","0","0","Rao, Wenjing","10"
"ED","200","Educ Policy Foundations","2208","Education","15","3","3","2","1","0","0","0","0","0","0","0","0","0","0","0","Miller, Christopher L.","24"
"EDPS","535","Human Dvlpmnt for School Ldrs","2621","Educational Psychology","20","0","0","0","0","0","0","0","0","0","0","0","0","0","0","0","Humphries, Marisha Lynnette","20"
"ENGL","111","Women & Literature","2492","English","6","3","1","0","2","0","0","0","0","0","0","0","0","0","0","0","Grad Asst","12"
"ENGL","161","Academic Writing II","2492","English","22","8","5","2","6","0","0","0","0","0","20","0","0","0","0","1","Grad Asst","64"
"FIN","473","Intro to Risk Management","2672","Information/Decision Sciences","1","20","4","0","0","0","0","0","0","0","0","0","0","0","0","0","Lee, Yew-Sing Thomas","25"
"FIN","594","Alternative Investments","2691","Finance","10","9","1","0","1","0","0","0","0","0","0","0","0","0","0","0","Farre-Mensa, Joan","21"
"HPA","495","MHA Preceptorship","2399","Health Policy & Administration","0","0","0","0","0","0","0","0","0","0","0","0","0","27","0","0","Wrobel, Larry","27"
"IDS","201","Intro to Business Programming","2672","Information/Decision Sciences","5","5","0","0","0","0","0","0","0","0","0","0","0","0","0","1","Choi, Michael","11"
"IDS","331","Spreadsheet Analysis","2672","Information/Decision Sciences","4","8","1","1","0","0","0","0","0","0","0","0","0","0","0","1","Grad Asst","15"
"IDS","570","Statistics for Management","2672","Information/Decision Sciences","13","11","5","1","1","0","0","0","1","0","0","0","0","0","0","0","Sparks, John","32"
"IPHS","650","Applied Practice Experience","2592","School of Public Health","0","0","0","0","0","0","0","10","2","0","0","0","0","3","0","0","Getzenberg, Joy","15"
"JD","423","Prof Responsibility","2984","UIC Law","22","26","7","0","0","0","0","0","0","1","0","0","0","0","0","1","Frossard, Margaret Omara","57"
"LAW","408","Legal Writing","2984","UIC Law","0","0","0","0","0","0","0","0","0","0","0","0","0","0","0","2","Brown, Jerry Duane","2"
"LAW","408","Legal Writing","2984","UIC Law","0","0","0","0","0","0","0","0","0","0","0","0","0","0","0","4","Petrolis, Erin Marie","4"
"LAW","422","LSIII","2984","UIC Law","9","5","2","0","0","0","0","0","0","0","0","0","0","0","0","1","Brown, Jerry Duane","17"
"LAW","422","LSIII","2984","UIC Law","9","4","0","0","0","0","0","0","0","0","0","0","0","0","0","2","Haritos, Dean","15"
"LAW","422","LSIII","2984","UIC Law","7","7","1","0","0","0","0","0","0","0","0","0","0","0","0","0","Rice, Marques L","15"
"BA","420","Professional Presence","2785","Business Administration Admini","17","0","0","0","1","0","0","0","0","0","0","0","0","0","0","0","Popowits, Michael T","18"
"BCMG","599","PhD Thesis Research","2509","Biochem & Molecular Genetics","0","0","0","0","0","0","0","0","0","0","20","0","0","0","0","0","Katzen, Alisa L","20"
"BIOS","331","Ecology Laboratory","2453","Biological Sciences","24","1","5","0","1","0","0","0","0","0","0","0","0","0","0","0","Ale, Som Bahadur","31"
"CELE","604","Advanced Emerg Medicine","2498","Emergency Medicine","0","0","0","0","0","3","0","0","0","0","13","1","0","0","0","0","Thomas, Dorian E","17"
"CHEM","124","General Chemistry II Lecture","2458","Chemistry","16","27","30","5","6","0","0","0","0","0","0","0","0","0","0","12","Islam, Mohammad","96"
"CHEM","233","Organic Chemistry Lab I","2458","Chemistry","47","41","46","10","10","0","0","0","0","0","0","0","0","0","0","19","Grad Asst","173"
"CI","540","Linguistics for Teachers","2783","Curriculum and Instruction","16","2","0","0","2","0","0","0","2","0","0","0","0","0","0","1","Razfar, Aria","23"
"CLER","604","Surgery","2271","Surgery","0","0","0","0","0","15","0","0","0","0","33","12","1","0","0","0","Bartholomew, Amelia M","61"
"CLER","605","Medicine","2586","Medicine","0","0","0","0","0","16","0","0","0","0","27","11","1","0","0","0","Khan, Asra R","55"
"CLER","637","Family Medicine Clerkship","2636","Family and Community Medicine","0","0","0","0","0","8","0","0","0","0","9","2","1","0","0","0","Thomas, Dorian E","20"
"COMM","100","Human Communication","2493","Communication","12","7","5","2","1","0","0","0","0","0","0","0","0","0","0","3","Quinn, Kelly Ann","30"
"CS","141","Program Design II","2699","Computer Science","27","10","5","0","7","0","0","0","0","0","0","0","0","0","0","4","Koehler, Adam Thomas","53"
"CS","362","Computer Design","2699","Computer Science","8","3","5","3","3","0","0","0","0","0","0","0","0","0","0","0","Sakhnini, Nina","22"
"DOST","331","Oral/Systemc Topcs in Dent I","2758","Dentistry Administration","43","17","4","0","0","0","0","0","0","0","0","0","0","0","0","0","Kawar, Nadia","64"
"ECON","220","Microeconomics","2525","Economics","7","7","4","2","2","0","0","0","0","0","0","0","0","0","0","1","Tauras, John Arvydas","23"
"ECON","339","Monetary Theory","2525","Economics","6","4","1","0","1","0","0","0","0","0","0","0","0","0","0","1","Pieper, Paul J","13"
"ED","205","Race, Ethnicity, & Education","2208","Education","15","0","0","0","0","0","0","0","1","0","2","0","0","0","0","0","Webb, Torica L","18"
"ED","431","Improving Learning Environmts","2208","Education","12","1","0","0","0","0","0","0","0","0","1","0","0","0","0","0","Olson, Jennifer D","14"
"EDPS","453","Topics in Ed Policy Studies","2835","Educational Policy Studies","23","0","0","0","0","0","0","0","2","0","0","0","0","0","0","1","Superfine, Benjamin M","26"
"EDPS","544","Research Design in EDPS","2835","Educational Policy Studies","10","3","0","0","0","0","0","0","1","0","0","0","0","0","0","0","Mayrowetz, David S","14"
"ENGL","120","Film and Culture","2492","English","9","7","0","0","2","0","0","0","0","0","0","0","0","0","0","1","Grad Asst","19"
"EPSY","522","Internship in Early Childhood","2621","Educational Psychology","6","3","0","0","0","0","0","0","1","0","0","0","0","0","0","0","Abel, Barbara","10"
"FIN","515","Fixed Income Securities","2691","Finance","5","10","4","0","1","0","0","0","0","0","0","0","0","0","0","0","Miller, John Paul","20"
"GER","217","Intro German Cinema","2291","Germanic Studies","17","6","0","0","1","0","0","0","0","0","2","0","0","0","0","2","Grad Asst","28"
"HIST","104","Modern America","2316","History","25","47","14","3","3","0","0","0","0","0","0","0","0","0","0","2","Schultz, Kevin M","94"
"HIST","177","Middle Eastern Civ","2316","History","12","8","0","0","1","0","0","0","0","0","0","0","0","0","0","0","Quadri, Syed Junaid Ahmed","21"
"LAW","406","Topics in Property Law","2984","UIC Law","3","8","9","6","0","0","0","0","0","0","0","0","0","0","0","7","Lambertson, Andrew","33"
"LAW","407","Academic Skills","2984","UIC Law","0","0","0","0","0","0","0","0","0","0","0","0","0","0","0","1","Dominguez, Daissy","1"
"MATH","118","Mathematical Reasoning","2610","Math, Statistics, & Comp Scnc","3","2","2","0","3","0","0","0","0","0","0","0","0","0","0","0","Pajda-De La O, Jennifer Marie","10"
"ACTG","475","Database Accounting Systems","2656","Accounting","3","4","2","1","0","0","0","0","0","0","0","0","0","0","0","2","Popowits, Michael T","12"
"AH","100","Intro to Art &Art History","2910","Art History","0","0","0","0","0","0","0","0","0","0","32","0","0","0","0","1","Grad Asst","33"
"BIOS","104","Biology for Non-majors","2453","Biological Sciences","4","6","8","0","7","0","0","0","0","0","0","0","0","0","0","1","Gibbons, Sandra Helen","26"
"BVIS","504","Visual Storytelling in BVIS","2318","Biomed & Health Info Sciences","19","0","0","0","0","0","0","0","0","0","0","0","0","0","0","0","Young, Christine Dorothea","19"
"CELE","602","Anesthesiology","2258","Anesthesiology","0","0","0","0","0","1","0","0","0","0","0","12","0","0","0","0","Nishioka, Hokuto","13"
"CELE","603","Dermatology","2732","Dermatology","0","0","0","0","0","1","0","0","0","0","0","12","0","0","0","0","Bain, Michelle B","13"
"CELE","606","Critical Care  Medicine","2586","Medicine","0","0","0","0","0","3","0","0","0","0","2","7","1","0","0","0","Schraufnagel, Dean E","13"
"CHEM","101","Preparatory Chemistry","2458","Chemistry","5","8","7","3","3","0","0","0","0","0","0","0","0","0","0","3","Hatfield, Rita","29"
"CLER","601","Obstetrics and Gynecology","2225","Obstetrics & Gynecology","0","0","0","0","0","23","0","0","0","0","21","18","5","0","0","0","Baron-Kuhn, Elizabeth A","67"
"CLER","634","Surgery","2285","Surg/Surgical Specialties","0","0","0","0","0","4","0","0","0","0","9","0","0","0","0","0","Thomas, Dorian E","13"
"COMM","220","Social Media and Marketing","2493","Communication","12","4","1","0","1","0","0","0","0","0","0","0","0","0","0","1","Mukherjee, Ishani","19"
"COMM","303","Communication and Culture","2493","Communication","10","2","0","0","0","0","0","0","0","0","0","0","0","0","0","0","Maris, Elena Rosa","12"
"CS","111","Program Design I","2699","Computer Science","26","4","2","3","1","0","0","0","4","0","0","0","0","0","0","1","Reckinger, Shanon Marie","41"
"CS","151","Foundations of Computing","2699","Computer Science","14","7","6","0","5","0","0","0","0","0","0","0","0","0","0","1","Sengupta, Prithviraj","33"
"CS","401","Computer Algorithms I","2610","Math, Statistics, & Comp Scnc","12","14","13","9","9","0","0","0","0","0","0","0","0","0","0","7","Adrovic, Danko","64"
"DHD","562","Built-In Accessibility Options","2871","Disability & Human Development","20","0","0","0","0","0","0","0","1","0","0","0","0","0","0","0","Hooyenga, Kathy A","21"
"ECE","310","Discrete &Cont Signal&Systms","2949","Electrical & Computer Engr","7","8","0","0","0","0","0","0","0","0","0","0","0","0","0","1","Kosmach, James","16"
"ECON","300","Econometrics","2525","Economics","7","5","2","1","1","0","0","0","0","0","0","0","0","0","0","1","Shakeel, Ayman","17"
"ED","445","Adolescence & Schools","2208","Education","7","3","4","2","1","0","0","0","0","0","0","0","0","0","0","0","Katsiaficas, Dalal Chrysoula Hanna","17"
"ELSI","049","Live Learn Grow:Learning Track","2692","Tutorium in Intensive English","0","0","0","0","0","0","0","0","0","0","0","0","0","17","0","1","O'Neal, Anna Darby","18"
"ENGL","160","Academic Writing I","2492","English","3","7","2","1","2","0","0","0","0","0","0","0","0","0","0","0","Bohne, Amanda","15"
"ENGL","240","Lit. and Critical Methods","2492","English","6","2","1","0","0","0","0","0","0","0","0","0","0","0","0","1","Grad Asst","10"
"ENTR","310","Intro to Entr for BBA Online","2846","Managerial Studies","21","11","9","0","2","0","0","0","0","0","0","0","0","0","0","0","Hardy, Florence","43"
"EPSY","326","Child Hlth Safety & Nutrition","2621","Educational Psychology","14","3","1","0","1","0","0","0","0","0","0","0","0","0","0","2","Reinking, Anna C","21"
"HIM","320","Technical Affiliation","2318","Biomed & Health Info Sciences","14","3","1","0","0","0","0","0","0","0","0","0","0","0","0","0","Rhodes, Harry","18"
"HN","355","Supervised Practice I","2960","Kinesiology and Nutrition","0","0","0","0","0","0","0","0","0","0","0","0","0","35","0","0","Oshita, Shayna Emily","35"
"HPA","461","Information & Decision Support","2399","Health Policy & Administration","23","1","0","0","0","0","0","1","1","0","0","0","0","0","0","0","Enyia, Onyinyechi Uchechi","26"
"IPHS","650","Applied Practice Experience","2592","School of Public Health","0","0","0","0","0","0","0","24","0","0","0","0","0","2","0","0","Peterson, Caryn Elizabeth","26"
"IPHS","650","Applied Practice Experience","2592","School of Public Health","0","0","0","0","0","0","0","12","3","0","0","0","0","23","0","0","Shapiro-Berkson, Stephanie B","38"
"LAW","407","Academic Skills","2984","UIC Law","0","0","0","0","0","0","0","0","0","0","0","0","0","0","0","1","Townsend, Calvin Anthony","1"
"LAW","422","LSIII","2984","UIC Law","7","10","0","0","0","0","0","0","0","0","0","0","0","0","0","0","Michaels, Kenneth Anthony","17"
"LAW","534","Secured Transactions","2984","UIC Law","10","16","7","0","0","0","0","0","0","0","0","0","0","0","0","0","Lewis, Paul B","33"
"MATH","110","College Algebra","2610","Math, Statistics, & Comp Scnc","8","7","3","0","2","0","0","0","0","0","0","0","0","0","0","2","Kursell, Anita","22"
"MATH","180","Calculus I","2610","Math, Statistics, & Comp Scnc","9","1","4","1","0","0","0","0","0","0","0","0","0","0","0","0","Bode, Martina","15"
"MATH","210","Calculus III","2610","Math, Statistics, & Comp Scnc","27","3","2","1","1","0","0","0","0","0","0","0","0","0","0","3","Hamdan, Saleh Taisir","37"
"MGMT","350","External Environment of Bus","2846","Managerial Studies","12","19","12","4","2","0","0","0","0","0","0","0","0","0","0","1","Pagano, Anthony M","50"
"MGMT","594","Spec Topic in Mgmt: Leadership","2846","Managerial Studies","28","0","0","0","0","0","0","0","0","0","0","0","0","0","0","0","Lloyd, Anna K","28"
"NUPR","556","EBP 4","2591","Nursing Administration","28","0","0","0","0","0","0","1","0","0","0","0","0","0","0","0","Klima, Carrie","29"
"NURS","516","EBP 2","2462","Biobehavioral Nursing Science","8","1","0","0","0","0","0","0","0","0","0","0","0","0","0","1","Gruss, Valerie A","10"
"NURS","516","EBP 2","2462","Biobehavioral Nursing Science","26","2","0","0","0","0","0","0","0","0","0","0","0","0","0","0","Hovey, Susan L","28"
"PELE","600","Elective Clerkship","2889","Administration & General","0","0","0","0","0","4","0","0","0","0","14","11","0","0","0","0","Grad Asst","29"
"PHYS","141","General Physics I","2354","Physics","17","19","20","7","10","0","0","0","0","0","0","0","0","0","0","6","Ugalde, Claudio","79"
"PMPR","617","Adv Ambulatory Patient Care","2967","Pharmacy Practice","11","0","0","0","0","0","0","0","0","0","0","0","0","0","0","0","Allen, Sheila Mary","11"
"PSCH","353","Lab in Cognition & Memory","2885","Psychology","10","3","2","2","1","0","0","0","1","0","0","0","0","0","0","3","Passarotti, Alessandra","22"
"RELE","614","Ambulatory Pediatrics","2339","Pediatrics","0","0","0","0","0","0","0","0","0","0","0","11","0","0","0","0","Thomas, Dorian E","11"
"SPED","515","Trans Planning &Vocation Prgm1","2588","Special Education","31","0","0","0","0","0","0","0","0","0","0","0","0","0","0","0","Cushing, Lisa Sharon","31"
"TADR","461","LSIV Drafting Civ Litig","2984","UIC Law","0","0","0","0","0","0","0","0","0","0","11","0","0","0","0","1","Saper, Adam","12"
"TADR","469","Extern: Local Gov & NP Sem","2984","UIC Law","9","0","0","0","0","0","0","0","0","0","1","0","0","0","0","0","Boxerman, Marc J","10"
"MDP","613","Doctoring Clinical Skills 3","2718","Administration","0","0","0","0","0","0","0","0","0","0","0","0","0","64","0","0","Thomas, Dorian E","64"
"ME","205","Intro to Thermodynamics","2323","Mechanical & Industrial Engr","16","3","0","1","2","0","0","0","0","0","0","0","0","0","0","0","Siow, Yeow","22"
"ME","210","Engineering Dynamics","2323","Mechanical & Industrial Engr","6","11","4","3","2","0","0","0","0","0","0","0","0","0","0","0","Reckinger, Scott J","26"
"MGMT","340","Intro to Organizations","2846","Managerial Studies","10","0","1","0","0","0","0","0","0","0","0","0","0","0","0","0","Grad Asst","11"
"MHPE","494","Survey Research Mthds","2857","Medical Education","21","0","0","0","0","0","0","0","0","0","0","0","0","0","0","0","Schwartz, Alan J","21"
"MKTG","360","Introduction to Marketing","2417","Department of Marketing","19","5","1","1","1","0","0","0","0","0","0","0","0","0","0","3","Trampas, Ann E","30"
"MKTG","500","Introduction to Marketing","2417","Department of Marketing","0","0","0","0","0","0","0","0","0","0","30","0","0","0","0","0","Razi, Sajna","30"
"MUS","114","Jazz History","2680","Music","11","8","3","0","1","0","0","0","0","0","0","0","0","0","0","0","Baker, Andrew","23"
"NURS","414","Intgtd Hlth Care: Mental Hlth","2662","Pop Health Nursing Science","44","28","5","0","0","0","0","0","0","0","0","0","0","0","0","2","Hale, Renae Denise","79"
"NURS","517","Leadership & Policy","2842","Human Development Nursing Sci","70","2","0","0","0","0","0","0","0","0","0","0","0","0","0","0","Abboud, Sarah","72"
"OT","526","Assistive Technology&Environ","2725","Occupational Therapy","45","1","0","0","0","0","0","0","0","0","0","0","0","0","0","0","Hansen, Piper Elaine","46"
"PHAR","604","APPE: Medicine Patient Care","2712","Pharmacy","29","2","0","0","0","0","0","0","0","0","0","0","0","0","0","0","Allen, Sheila Mary","31"
"PHIL","101","Critical Thinking","2637","Philosophy","5","3","2","0","2","0","0","0","0","0","0","0","0","0","0","3","Grad Asst","15"
"PMPR","390","Spec Project in Pharm Pract","2967","Pharmacy Practice","51","0","0","0","0","0","0","0","0","0","0","0","0","0","0","0","Agard, Debra L","51"
"PMPR","619","Advanced Inpatient Medicine","2967","Pharmacy Practice","13","0","0","0","0","0","0","0","0","0","0","0","0","0","0","1","Allen, Sheila Mary","14"
"PMPR","620","Advanced Specialty Elective","2967","Pharmacy Practice","18","1","0","0","0","0","0","0","0","0","0","0","0","0","0","0","Allen, Sheila Mary","19"
"PSCH","210","Theories of Personality","2885","Psychology","50","7","0","0","0","0","0","0","0","0","0","0","0","0","0","3","Chen, Jing","60"
"PSCH","584","Pract: Clinical Trainees","2885","Psychology","0","0","0","0","0","0","0","0","0","0","0","0","0","27","0","0","Szerszen, Jenna Rowen","27"
"RELE","600","Elective Clerkship","2445","Administration & Gen Exp","0","0","0","0","0","9","0","0","0","0","14","19","0","0","0","0","Thomas, Dorian E","42"
"RELE","607","M3 Neurology Clerkship","2532","Med & Medical Specialties","0","0","0","0","0","2","0","0","0","0","7","5","0","0","0","0"," ,","14"
"SPED","410","Exceptional Learners","2588","Special Education","17","1","0","0","0","0","0","1","0","0","0","0","0","0","0","0","Grad Asst","19"
"ACTG","470","Ethical Environment Business","2656","Accounting","6","6","3","2","1","0","0","0","0","0","0","0","0","0","0","0","Scully, George","18"
"BA","200","Managerial Communication","2785","Business Administration Admini","3","25","2","2","3","0","0","0","0","0","0","0","0","0","0","0","Corte, Anthony M","35"
"BHIS","406","Medical Terminology for HIM","2318","Biomed & Health Info Sciences","12","12","0","0","2","0","0","0","0","0","0","0","0","0","0","2","Mills, Laura Lynn","28"
"BHIS","499","Info Sources in BHIS","2318","Biomed & Health Info Sciences","23","11","3","0","1","0","0","0","0","0","0","0","0","0","0","3","Mills, Laura Lynn","41"
"BHIS","543","Health Care Project Management","2318","Biomed & Health Info Sciences","26","0","0","0","0","0","0","0","0","0","0","0","0","0","0","0","Krive, Jacob","26"
"BIOS","236","Animal Behavior","2453","Biological Sciences","2","6","3","3","0","0","0","0","1","0","0","0","0","0","0","1","Nelson, Karin Noel","16"
"BVIS","535","Visual Learning & Thinking II","2318","Biomed & Health Info Sciences","11","0","0","0","0","0","0","0","0","0","0","0","0","0","0","0","Daugherty, John M","11"
"CELE","606","Research-Medicine","2586","Medicine","0","0","0","0","0","0","0","0","0","0","23","2","0","0","0","0","Thomas, Dorian E","25"
"CLER","612","Medicine Sub-Internship","2586","Medicine","0","0","0","0","0","0","0","0","0","0","30","38","0","0","0","0","Khan, Asra R","68"
"CLER","619","Surgery","2848","Surgery","0","0","0","0","0","5","0","7","0","0","8","1","1","0","0","0","Alley, Robin A","22"
"CME","201","Statics","2737","Civil, Matls & Env Engineering","5","7","10","4","6","0","0","0","0","0","0","0","0","0","0","1","Peiravian, Farideddin","33"
"COMM","103","Intro to Media","2493","Communication","4","11","14","5","9","0","0","0","0","0","0","0","0","0","0","1","Lind, Rebecca Ann","44"
"COMM","494","Happiness and Social Media","2493","Communication","8","3","1","0","1","0","0","0","0","0","0","0","0","0","0","0","Papacharissi, Zozo-Angeliki","13"
"CS","301","Languages and Automata","2699","Computer Science","7","10","4","4","7","0","0","0","0","0","0","0","0","0","0","9","Grechanik, Mark","41"
"DAOB","302","Applied Oral & Behav Sci","2758","Dentistry Administration","38","6","0","0","0","0","0","8","0","0","0","0","0","0","0","0","Semprum-Clavier, Adriana","52"
"ECE","340","Electronics I","2949","Electrical & Computer Engr","13","3","1","1","0","0","0","0","0","0","0","0","0","0","0","2","Metlushko, Vitali V","20"
"ECE","366","Computer Organization","2949","Electrical & Computer Engr","3","3","3","0","1","0","0","0","1","0","0","0","0","0","0","0","Zhang, Zhao","11"
"ED","402","Phil Ed & Urban School Policy","2208","Education","15","1","3","0","2","0","0","0","0","0","0","0","0","0","0","1","Miller, Christopher L.","22"
"ENDO","613","Pharm for the Dental Speclist","2216","Endodontics","0","0","0","0","0","0","0","0","0","0","1","0","0","16","0","0","Weeks, Stephen M","17"
"ENGL","102","Introduction to Film","2492","English","14","0","0","0","0","0","0","0","0","0","0","0","0","0","0","0","Grad Asst","14"
"ENGR","289","Cooperative Engr Practice","2284","Engineering Admin","0","0","0","0","0","0","0","0","0","0","0","0","0","40","2","0","Coppola-Conroy, Rosemarie","42"
"EPSY","522","Internship in Early Childhood","2621","Educational Psychology","28","0","0","0","0","0","0","0","0","0","0","0","0","0","0","0","Grad Asst","28"
"EPSY","550","Rate Scale&Ques Des&Analy","2621","Educational Psychology","17","1","0","0","0","0","0","0","0","0","0","0","0","0","0","0","Smith, Everett V","18"
"FIN","494","Options and Futures","2691","Finance","11","24","4","3","1","0","0","0","0","0","0","0","0","0","0","0","Golubeva, Evgenia","43"
"FIN","594","Intro Quantamental Investing","2691","Finance","11","0","2","0","0","0","0","0","0","0","0","0","0","0","0","0","Ma, Lingjie","13"
"FIN","594","Options and Futures","2691","Finance","10","3","1","0","0","0","0","0","0","0","0","0","0","0","0","0","Golubeva, Evgenia","14"
"HIST","101","Western Civ Since 1648","2316","History","16","20","4","3","5","0","0","0","0","0","0","0","0","0","0","2","Abbott, John","50"
"HIST","105","Global Transformations","2316","History","15","7","4","4","4","0","0","0","0","0","0","0","0","0","0","2","Daly, Jonathan W.","36"
"MATH","220","Differential Equations I","2610","Math, Statistics, & Comp Scnc","7","4","2","0","1","0","0","0","0","0","0","0","0","0","0","1","Awanou, Gerard","15"
"MGMT","463","Negotiation &Conflict Resolutn","2846","Managerial Studies","11","4","0","0","0","0","0","0","0","0","0","0","0","0","0","1","Bujas, Dan","16"
"MKTG","560","Marketing Management","2417","Department of Marketing","20","4","0","0","0","0","0","0","0","0","0","0","0","0","0","0","Karsaklian, Eliane","24"
"NUPR","556","EBP 4","2591","Nursing Administration","15","0","0","0","0","0","0","1","0","0","0","0","0","0","0","0","Vortman, Rebecca Kathleen","16"
"NUPR","564","Newborn Care","2842","Human Development Nursing Sci","0","0","0","0","0","0","0","0","0","0","16","0","0","0","0","0","Walsh, Susan","16"
"NURS","519","Hlth Equity & Soc Determinants","2662","Pop Health Nursing Science","51","4","0","0","0","0","0","0","0","0","0","0","0","0","0","0","Eldeirawi, Kamal","55"
"OSCI","534","Dent & Med Anthropology","2758","Dentistry Administration","12","0","0","0","0","0","0","0","0","0","0","0","0","0","0","0","Colvard, Michael D","12"
"OT","529","Fieldwork Level IB","2725","Occupational Therapy","0","0","0","0","0","0","0","0","0","0","46","0","0","0","0","0","Hansen, Piper Elaine","46"
"PELE","606","Medicine Sub-I Elective","2554","Internal Medicine","0","0","0","0","0","0","0","0","0","0","16","0","0","0","0","0","Kerolus, Ghaly R","16"
"PHAR","601","APPE: Ambulatory Patient Care","2712","Pharmacy","24","0","0","0","0","0","0","0","0","0","0","0","0","0","0","0","Allen, Sheila Mary","24"
"PHIL","115","Death","2637","Philosophy","16","8","2","0","2","0","0","0","0","0","3","0","0","0","0","3","Grad Asst","34"
"PSCH","394","Special Topics in Psch","2885","Psychology","7","2","1","0","0","0","0","0","0","0","0","0","0","0","0","0","Engel, Kathryn L","10"
"SOC","100","Introduction to Sociology","2772","Sociology","21","2","3","0","7","0","0","0","0","0","0","0","0","0","0","3","Grad Asst","36"
"TADR","422","E-Discovery","2984","UIC Law","9","2","1","0","0","0","0","0","0","0","0","0","0","0","0","0","Salling, Jeffrey D","12"
"TADR","464","Clinic Pro Bono Lit Clinic","2984","UIC Law","10","0","0","0","0","0","0","0","1","0","1","0","0","0","0","0","Ortiz, Jose D","12"
"TADR","471","Externship: Judicial Seminar","2984","UIC Law","14","0","0","0","0","0","0","0","0","0","0","0","0","0","0","0","Ficaro, Gina Marie","14"
"US","202","Social Justice & the City","2727","Urban Planning and Policy","0","0","0","0","0","0","0","0","0","0","8","0","0","0","0","3","Farmer-Smith, Keisha J","11"
"ACTG","211","Intro Managerial Accounting","2656","Accounting","44","12","8","2","2","0","0","0","0","0","0","0","0","0","0","1","Jastrzebski, Ronald J","69"
"ACTG","445","Federal Income Tax I","2656","Accounting","13","6","1","0","2","0","0","0","0","0","0","0","0","0","0","0","Mc Donagh, Eamonn Michael","22"
"AH","160","Trends in Contemp Art","2910","Art History","16","5","0","1","2","0","0","0","1","0","0","0","0","0","0","0","Grad Asst","25"
"BHIS","505","Ethics&Legal Issues/Hlth Info","2318","Biomed & Health Info Sciences","73","4","1","0","0","0","0","0","0","0","0","0","0","0","0","1","Swirsky, Eric S","79"
"BIOS","343","Animal Physiological Systems","2453","Biological Sciences","7","13","7","0","2","0","0","0","1","0","0","0","0","0","0","0","Daemicke Hansen, Alexandra Kristin","30"
"BVIS","518","Web Development","2318","Biomed & Health Info Sciences","21","0","0","0","0","0","0","0","0","0","0","0","0","0","0","0","Bond, Samantha G","21"
"BVIS","542","Animation II","2318","Biomed & Health Info Sciences","17","0","0","0","0","0","0","0","0","0","0","0","0","0","0","0","Twedt, Rex Edwards","17"
"CHEM","234","Organic Chemistry II","2458","Chemistry","11","8","26","1","1","0","0","0","0","0","0","0","0","0","0","3","Yermolina, Maria V","50"
"CLER","602","Psychiatry","2722","Psychiatry","0","0","0","0","0","5","0","0","0","0","39","15","0","0","0","0","Thomas, Dorian E","59"
"CLER","603","Pediatrics","2905","Pediatrics","0","0","0","0","0","23","0","0","0","0","26","11","3","0","0","0","Boucher-Berry, Claudia C","63"
"CLER","616","Obstetrics and Gynecology","2264","Obstetrics & Gynecology","0","0","0","0","0","4","0","5","0","0","7","9","0","0","0","0","Lee, Thomas Gregory","25"
"CLJ","120","Crime and Society","2909","Criminology, Law, and Justice","0","0","0","0","0","0","0","0","0","0","13","0","0","0","0","0","Grad Asst","13"
"CLJ","356","Comm Corrections & Reentry","2909","Criminology, Law, and Justice","16","3","0","2","0","0","0","0","0","0","0","0","0","0","0","0","Gunn, Alana Janell","21"
"CLJ","423","Violence","2909","Criminology, Law, and Justice","2","6","0","0","1","0","0","0","0","0","0","0","0","0","0","1","Frohmann, Lisa G","10"
"COMM","101","Intro to Communication","2493","Communication","11","2","3","0","4","0","0","0","0","0","0","0","0","0","0","0","Puig Abril, Eulalia","20"
"COMM","250","Social Media and Society","2493","Communication","7","7","2","2","1","0","0","0","0","0","0","0","0","0","0","2","Meraz, Sharon M","21"
"DAOB","331","Applied Oral and Behav Sci VI","2758","Dentistry Administration","25","38","0","0","0","0","0","1","0","0","0","0","0","0","0","0","Dunlap, Michael A","64"
"DBCS","321","Biomed and Clin Sciences III","2758","Dentistry Administration","0","0","0","0","0","0","0","0","0","0","69","0","0","0","0","0","Miloro, Mary Beth","69"
"EDPS","519","Student Transitions to College","2835","Educational Policy Studies","26","0","0","0","0","0","0","0","0","0","0","0","0","0","0","0","Lopez, Norma","26"
"EDPS","568","Education and the Law","2835","Educational Policy Studies","2","0","0","0","0","0","0","0","19","0","0","0","0","0","0","0","Mayrowetz, David S","21"
"ENGL","160","Academic Writing I","2492","English","8","2","0","0","3","0","0","0","0","0","0","0","0","0","0","0","Drown, James Remick","13"
"FIN","310","Investments","2691","Finance","47","9","2","2","2","0","0","0","0","0","0","0","0","0","0","2","Fuzesi, Barbara","64"
"HN","110","Foods","2960","Kinesiology and Nutrition","11","8","2","0","1","0","0","0","0","0","0","0","0","0","0","0","Lyles, Renea Michelle","22"
"IDS","270","Business Statistics I","2672","Information/Decision Sciences","0","0","0","0","0","0","0","0","0","0","42","0","0","0","0","0","Grad Asst","42"
"IDS","400","Programming for Data Science","2672","Information/Decision Sciences","18","5","0","0","2","0","0","0","0","0","0","0","0","0","0","0","Grad Asst","25"
"IDS","575","Machine Learning & Statistics","2672","Information/Decision Sciences","10","1","0","0","0","0","0","0","1","0","0","0","0","0","0","0","Sclove, Stanley L","12"
"IDS","594","AnalyticApplicationsHealthcare","2672","Information/Decision Sciences","8","10","0","0","0","0","0","0","0","0","0","0","0","0","0","2","Chandrasekaran, Ranganathan","20"
"IP","427","Art and Cultural Heritage Law","2984","UIC Law","9","2","0","0","0","0","0","0","0","1","1","0","0","0","0","0","Long, Doris Estelle","13"
"IPHS","520","Foundations of Public Health","2592","School of Public Health","16","0","0","0","0","0","0","0","0","0","0","0","0","0","0","0","Shade McCay, Michele LaVerne","16"
"IPHS","594","Appreciative Inquiry","2592","School of Public Health","18","0","0","0","0","0","0","0","0","0","0","0","0","0","0","0","Flores, Alina Lopez","18"
"JD","439","RE: Transactions","2984","UIC Law","17","26","6","0","1","0","0","0","1","0","0","0","0","0","0","0","Hammond, Celeste M","51"
"LAW","475","Sex Orient and Gender Identity","2984","UIC Law","28","0","0","0","0","0","0","0","1","0","0","0","0","0","0","0","Wojcik, Mark E","29"
"MATH","125","Elementary Linear Algebra","2610","Math, Statistics, & Comp Scnc","18","12","2","1","1","0","0","0","0","0","0","0","0","0","0","4","Devi, Shavila","38"
"MATH","194","Spec Topics in Math","2610","Math, Statistics, & Comp Scnc","11","0","0","0","0","0","0","0","0","0","0","0","0","0","0","0","Kong, Yundi","11"
"MCS","260","Intro To Computer Science","2610","Math, Statistics, & Comp Scnc","7","1","2","0","1","0","0","0","0","0","0","0","0","0","0","3","Steenbergen, John","14"
"MDC","623","Synthesis 5-6","2718","Administration","0","0","0","0","0","0","0","0","0","0","4","0","0","177","0","0","Thomas, Dorian E","181"
"NURS","385","Nursing Care of Populations","2591","Nursing Administration","38","4","2","0","4","0","0","0","0","0","0","0","0","0","0","4","Grad Asst","52"
"NURS","408","IHC: Adult/Older Adult","2462","Biobehavioral Nursing Science","63","25","1","0","0","0","0","0","0","0","0","0","0","0","0","1","Vanderzwan, Kathryn Julia","90"
"PA","506","Public Policy Dev and Process","2694","Public Administration","24","4","0","0","0","0","0","0","1","0","0","0","0","0","0","1","Wang, Jing","30"
"PELE","607","M3 Neurology Clerkship","2519","Neurology","0","0","0","0","0","4","0","0","1","0","6","4","1","0","0","0"," ,","16"
"POLS","130","Intro to Comparative Politics","2734","Political Science","15","0","0","0","0","0","0","0","0","0","0","0","0","0","0","0","Kostadinova, Petia A","15"
"PSCH","231","Community Psychology","2885","Psychology","47","6","2","0","0","0","0","0","0","0","0","0","0","0","0","1","Shaw, Jessica L","56"
"PSCH","352","Cognition and Memory","2885","Psychology","12","6","1","0","0","0","0","0","0","0","0","0","0","0","0","0","Raney, Gary E.","19"
"STAT","101","Introduction to Statistics","2610","Math, Statistics, & Comp Scnc","15","2","5","1","2","0","0","0","1","0","0","0","0","0","0","1","Embers, Dale Gene","27"
"TADR","401","Trial Ad Acc","2984","UIC Law","10","0","0","0","0","0","0","0","0","0","0","0","0","0","0","0","Shadid, James L","10"
"TADR","473","Extern: Criminal Law Fieldwork","2984","UIC Law","0","0","0","0","0","0","0","0","0","0","1","0","0","0","0","0","Ivory, Danita","1"
"TADR","474","Externship: Judicial Fieldwork","2984","UIC Law","0","0","0","0","0","0","0","0","0","0","0","0","0","0","0","0","Snow, Stephanie Annette","0"
"MATH","310","Applied Linear Algebra","2610","Math, Statistics, & Comp Scnc","11","8","2","3","1","0","0","0","1","0","0","0","0","0","0","2","Takloo-Bighash, Ramin","28"
"MDP","605","Block5: Digestion&Homeost 2","2718","Administration","0","0","0","0","0","0","0","0","0","0","0","0","0","64","0","0","Thomas, Dorian E","64"
"MDR","605","Block5: Digestion&Homeost 2","2718","Administration","0","0","0","0","0","0","0","0","0","0","0","0","0","55","0","0","Thomas, Dorian E","55"
"MGMT","590","Strategic Management","2846","Managerial Studies","13","10","0","0","0","0","0","0","0","0","0","0","0","0","0","0","Shanley, Mark","23"
"MKTG","461","Consumer Behavior","2417","Department of Marketing","13","12","0","0","0","0","0","0","0","0","0","0","0","0","0","0","Grad Asst","25"
"MKTG","462","Marketing Research","2417","Department of Marketing","15","8","1","0","1","0","0","0","0","0","0","0","0","0","0","0","Grad Asst","25"
"NUEL","512","Eval Assmnt Nsg Hlth Sci","2591","Nursing Administration","14","3","0","0","0","0","0","0","0","0","0","0","0","0","0","1","Krassa, Teresa J","18"
"NUPR","520","Clinical Synthesis Practi","2842","Human Development Nursing Sci","10","1","0","0","0","0","0","0","0","0","1","0","0","0","0","0","Obrecht, Jennifer","12"
"NURS","414","IHC: Mental Health","2662","Pop Health Nursing Science","6","5","0","0","0","0","0","0","0","0","0","0","0","0","0","0","Simpson, Kimberly Ann","11"
"NURS","516","EBP 2","2462","Biobehavioral Nursing Science","27","0","0","0","0","0","0","0","0","0","0","0","0","0","0","0","King, Maripat","27"
"NURS","516","EBP 2","2462","Biobehavioral Nursing Science","7","4","1","0","0","0","0","0","0","0","0","0","0","0","0","0","Reese, Cynthia Elliott","12"
"PELE","600","Elective Clerkship","2889","Administration & General","0","0","0","0","0","1","0","0","0","0","7","5","0","0","0","0","Nulty, Christina B","13"
"PSCH","343","Stat Methods in Behav Sci","2885","Psychology","24","12","8","0","7","0","0","0","0","0","0","0","0","0","0","1","Baker, Christopher Albert","52"
"SOCW","571","Field Instruction II","2630","Jane Addams Social Work","0","0","0","0","0","0","0","0","0","0","23","0","0","0","0","0","Coats, Barbara C","23"
"SPED","482","Coll w/Family, Comm, and Prof","2588","Special Education","18","0","0","0","0","0","0","0","0","0","0","0","0","0","0","1","Grad Asst","19"
"STAT","401","Intro to Probability","2610","Math, Statistics, & Comp Scnc","0","3","5","4","5","0","0","0","0","0","0","0","0","0","0","4","Doyle, Timothy Michael","21"
"TADR","475","Extern: JD Adv","2984","UIC Law","0","0","0","0","0","0","0","0","1","0","0","0","0","0","0","0","Bess, Megan","1"
"IE","342","Probability & Stat for Engr","2323","Mechanical & Industrial Engr","37","12","1","0","0","0","0","0","1","0","0","0","0","0","0","0","Williams, Quintin Levurn","51"
"LALS","102","Intro Latino Studies","2988","Latin American &Latino Studies","6","4","2","0","0","0","0","0","0","0","0","0","0","0","0","0","Grad Asst","12"
"LAW","408","Legal Writing","2984","UIC Law","0","0","0","0","0","0","0","0","0","0","0","0","0","0","0","1","Federman, Jonathan Loren","1"
"MATH","180","Calculus I","2610","Math, Statistics, & Comp Scnc","16","11","3","0","1","0","0","0","0","0","0","0","0","0","0","1","Steenbergen, John","32"
"MATH","210","Calculus III","2610","Math, Statistics, & Comp Scnc","15","5","0","0","0","0","0","0","0","0","0","0","0","0","0","2","Jones, Nathan","22"
"MDC","605","Block5: Digestion&Homeost 2","2718","Administration","0","0","0","0","0","0","0","0","0","0","1","0","0","178","0","0","Thomas, Dorian E","179"
"MDC","613","Doctoring Clinical Skills 3","2718","Administration","0","0","0","0","0","0","0","0","0","0","3","0","0","176","0","0","Thomas, Dorian E","179"
"MKTG","594","Marketing Strategy","2417","Department of Marketing","0","0","0","0","0","0","0","0","0","0","23","0","0","0","0","0","Malter, Alan Joseph","23"
"NUPR","551","Prac: hlth maint/ac il ch","2842","Human Development Nursing Sci","18","0","0","0","0","0","0","1","0","0","0","0","0","0","0","1","Juliano, Gina M","20"
"NURS","342","Caring in Professional Nursing","2591","Nursing Administration","18","2","0","1","0","0","0","0","0","0","0","0","0","0","0","1","Vaughan, Leta M","22"
"NURS","517","Leadership & Policy","2842","Human Development Nursing Sci","51","0","0","0","0","0","0","0","0","0","0","0","0","0","0","0","Maeder, Angela Beth","51"
"ORTD","595","Seminar in Orthodontics","2978","Orthodontics","0","0","0","0","0","0","0","0","0","0","25","0","0","0","0","0","Kusnoto, Budi","25"
"OT","524","Contexts of OT Practice","2725","Occupational Therapy","45","1","0","0","0","0","0","0","0","0","0","0","0","0","0","0","Fisher, Gail S","46"
"PELE","614","Pediatric Sub-I Elective","2821","Pediatrics","0","0","0","0","0","5","0","0","0","0","6","1","0","0","0","0","Kandikattu, Bhavana Suren","12"
"PHIL","101","Critical Thinking","2637","Philosophy","7","5","1","0","2","0","0","0","0","0","0","0","0","0","0","1","Fieser, Emma Marie","16"
"PHIL","102","Introductory Logic","2637","Philosophy","11","8","3","5","1","0","0","0","1","0","0","0","0","0","0","3","Grad Asst","32"
"PHYS","132","Physics for Life Sciences II","2354","Physics","9","19","22","7","1","0","0","0","2","0","0","0","0","0","0","7","Espinoza, Randall","67"
"PHYS","142","General Physics II","2354","Physics","58","8","7","2","0","0","0","0","0","0","0","0","0","0","0","1","Hamdan, Saleh Taisir","76"
"PMPR","616","Administrative Elective","2967","Pharmacy Practice","10","0","0","0","0","0","0","0","0","0","0","0","0","0","0","0","Allen, Sheila Mary","10"
"PSCH","271","Resilience","2885","Psychology","26","8","4","0","0","0","0","0","0","0","0","0","0","0","0","1","Kim-Cohen, Julia Yun Soo","39"
"PSCH","312","Social Psychology","2885","Psychology","11","3","0","0","1","0","0","0","0","0","0","0","0","0","0","0","Ochoa-Galindo, Carmen","15"
"PUBH","110","Global Societies","2687","Public Health Undergrad Prog","11","2","1","1","0","0","0","0","3","0","0","0","0","0","0","2","Peters, Karen E","20"
"SOC","212","Human Sexuality","2772","Sociology","3","3","2","1","2","0","0","0","1","0","0","0","0","0","0","1","Grad Asst","13"
"SOC","426","Black and Latinx Feminist Educ","2772","Sociology","10","1","0","0","0","0","0","0","0","0","0","0","0","0","0","0","Grad Asst","11"
"SOCW","523","Drug& Alcohol Social Work","2630","Jane Addams Social Work","10","0","0","0","0","0","0","0","1","0","0","0","0","0","0","0","Kutzen, Stephanie L","11"
"SPAN","102","Elementary Spanish II","2606","Hispanic and Italian Studies","4","6","3","1","2","0","0","0","0","0","0","0","0","0","0","0","Grad Asst","16"
"SPAN","104","Intermediate Spanish II","2606","Hispanic and Italian Studies","31","11","6","1","4","0","0","0","0","0","0","0","0","0","0","0","Grad Asst","53"
"SPAN","114","Spanish Bilingual II","2606","Hispanic and Italian Studies","4","5","1","0","0","0","0","0","1","0","0","0","0","0","0","1","Grad Asst","12"
"IPHS","699","Research PH Sciences-DrPH","2592","School of Public Health","0","0","0","0","0","0","0","3","0","0","0","0","0","25","0","0","Petros, Michael Peter","28"
"JD","427","Art and Cultural Heritage Law","2984","UIC Law","16","3","0","0","0","0","0","0","0","0","0","0","0","0","0","1","Long, Doris Estelle","20"
"JD","519","Homeland Security","2984","UIC Law","15","2","2","0","0","0","0","0","0","0","0","0","0","0","0","0","Pachon, Marc Harry","19"
"KN","253","Human Anatomy & Phys I","2960","Kinesiology and Nutrition","8","12","3","3","1","0","0","0","0","0","0","0","0","0","0","2","Corbo, Gillian","29"
"LAW","422","LSIII","2984","UIC Law","3","6","2","1","0","0","0","0","0","0","0","0","0","0","0","3","Hutchinson, Leland William","15"
"LAW","422","LSIII","2984","UIC Law","8","6","1","0","0","0","0","0","0","0","0","0","0","0","0","1","Joshi, Ronak","16"
"MATH","121","Precalculus Mathematics","2610","Math, Statistics, & Comp Scnc","11","5","3","1","3","0","0","0","0","0","0","0","0","0","0","2","Ash, William Ray","25"
"MATH","220","Differential Equations I","2610","Math, Statistics, & Comp Scnc","2","2","8","1","1","0","0","0","0","0","0","0","0","0","0","2","Protsak, Victor","16"
"MATH","310","Applied Linear Algebra","2610","Math, Statistics, & Comp Scnc","17","20","9","3","3","0","0","0","1","0","0","0","0","0","0","3","Kobotis, Evangelos","56"
"MBA","594","Financial/Macro Economics","2785","Business Administration Admini","14","12","2","0","2","0","0","0","0","0","0","0","0","0","0","0","Co, Richard","30"
"MGMT","350","Ext Envt of Bus for BBA Online","2846","Managerial Studies","30","11","4","1","1","0","0","0","0","0","0","0","0","0","0","2","Miller, Michael T.","49"
"MGMT","453","Human Resource Management","2846","Managerial Studies","16","1","0","0","0","0","0","0","0","0","0","0","0","0","0","0","Grad Asst","17"
"NUPR","541","NP Pract III:Mgt Hlth/Ill Adlt","2462","Biobehavioral Nursing Science","8","2","1","0","0","0","0","0","2","0","0","0","0","0","0","0","Fitz, Sarah","13"
"NUPR","573","Practicum: Birth & the Newborn","2842","Human Development Nursing Sci","13","1","0","0","0","0","0","0","5","0","0","0","0","0","0","0","Rosenberger, Kelly D","19"
"NUPR","595","Clinical Option: Systems","2662","Pop Health Nursing Science","12","0","0","0","0","0","0","0","0","0","0","0","0","0","0","0","Vortman, Rebecca Kathleen","12"
"NURS","516","EBP 2","2462","Biobehavioral Nursing Science","14","2","0","0","0","0","0","0","0","0","0","0","0","0","0","1","Diegel-Vacek, Lauren Jeanne","17"
"OT","539","Fieldwork Level IC","2360","Pharmacy Syst,Outcomes &Policy","0","0","0","0","0","0","0","0","0","0","46","0","0","0","0","0","Hansen, Piper Elaine","46"
"PA","535","Conflict Management","2694","Public Administration","0","0","0","0","0","0","0","0","0","0","23","0","0","0","0","1","Grad Asst","24"
"PHIL","102","Introductory Logic","2637","Philosophy","9","2","3","0","4","0","0","0","0","0","0","0","0","0","0","1","Ortega Polito, Erick Bertin","19"
"PHYS","131","Physics for Life Sciences I","2354","Physics","15","34","31","9","2","0","0","0","0","0","0","0","0","0","0","11","Abu Naser, Enas","102"
"PSCH","270","Abnormal Psychology","2885","Psychology","43","25","7","3","1","0","0","0","0","0","0","0","0","0","0","0","Passarotti, Alessandra","79"
"PT","624","Therapeutic Applications","2827","Physical Therapy","0","0","0","0","0","0","0","0","0","0","56","0","0","0","0","0","Arguelles, Leonard Dion","56"
"RELE","616","Radiology","2532","Med & Medical Specialties","0","0","0","0","0","1","0","0","0","0","2","12","0","0","0","0","Thomas, Dorian E","15"
"STAT","381","Applied Statistical Methods I","2610","Math, Statistics, & Comp Scnc","12","11","7","2","6","0","0","0","0","0","0","0","0","0","0","2","Embers, Dale Gene","40"
"TADR","488","Clinic: Vet Clinic","2984","UIC Law","7","2","0","0","1","0","0","0","0","0","0","0","0","0","0","1","Berner, Jillian E","11"
"ACTG","316","Intermediate Financial Actg II","2656","Accounting","21","9","3","2","0","0","0","0","0","0","0","0","0","0","0","0","Zhong, Rong","35"
"BHIS","460","Intro to Hlth Informatics","2318","Biomed & Health Info Sciences","11","0","0","0","1","0","0","0","0","0","0","0","0","0","0","0","Swirsky, Eric S","12"
"BIOS","220","Genetics","2453","Biological Sciences","17","17","35","13","9","0","0","0","0","0","0","0","0","0","0","11","Okkema, Peter G","102"
"BIOS","326","Embryology Laboratory","2453","Biological Sciences","45","6","0","0","0","0","0","0","0","0","0","0","0","0","0","3","Grad Asst","54"
"BIOS","350","General Microbiology","2453","Biological Sciences","15","20","11","3","3","0","0","0","0","0","0","0","0","0","0","7","Gibbons, Sandra Helen","59"
"CELE","603","Dermatology - Online","2732","Dermatology","0","0","0","0","0","24","0","0","0","0","9","0","0","0","0","0"," ,","33"
"CELE","607","M3 Neurology Clerkship","2843","Neurology and Rehab Medicine","0","0","0","0","0","10","0","0","0","0","16","13","4","0","0","0"," ,","43"
"CELE","616","Fundamentals of Radiology","2713","Radiology","0","0","0","0","0","0","0","0","0","0","13","0","0","0","0","0","Thomas, Dorian E","13"
"CELE","616","Radiology","2713","Radiology","0","0","0","0","0","0","0","0","0","0","19","0","0","0","0","0","Xie, Karen Lin","19"
"CHEM","130","Survey/Organic&Biochem","2458","Chemistry","1","1","6","1","1","0","0","0","0","0","0","0","0","0","0","1","Montano, Sherwin","11"
"CHSC","430","Public Health Policy","2245","Community Health Sciences","10","1","0","2","3","0","0","0","0","0","0","0","0","0","0","0","Cochran, Laura M","16"
"CI","481","Foundations Bilingual/ESL Ed","2783","Curriculum and Instruction","19","2","0","0","0","0","0","0","0","0","0","0","0","0","0","0","Wilhelmi, Melissa Ann","21"
"CLJ","200","Law and Society","2909","Criminology, Law, and Justice","8","1","0","1","1","0","0","0","0","0","0","0","0","0","0","2","Matoesian, Greg","13"
"CS","499","Prof. Development Seminar","2699","Computer Science","0","0","0","0","0","0","0","0","0","0","1","0","0","17","0","0","Troy, Patrick A","18"
"DBCS","302","Biomed & Clinical Sciences","2758","Dentistry Administration","0","0","0","0","0","0","0","0","0","0","52","0","0","0","0","0","Odeh, Luma Adnan Abed","52"
"ECE","225","Circuit Analysis","2949","Electrical & Computer Engr","12","8","1","2","0","0","0","0","0","0","0","0","0","0","0","0","Shadmand, Mohammad","23"
"ECON","333","International Economics","2525","Economics","17","7","2","2","1","0","0","0","0","0","0","0","0","0","0","1","Grad Asst","30"
"EDPS","551","Cycles of Inquiry","2835","Educational Policy Studies","19","0","0","0","0","0","0","0","1","0","0","0","0","0","0","0","Allen, Lionel E Jr","20"
"EDPS","586","Practitioner Inquiry Schl Ldrs","2835","Educational Policy Studies","0","0","0","0","0","0","0","0","0","0","13","0","0","0","0","0","Allen, Lionel E Jr","13"
"ELSI","044","EAP II Lab","2692","Tutorium in Intensive English","0","0","0","0","0","0","0","0","0","0","0","0","0","7","3","1","Duke, Trischa Beth","11"
"IDS","200","Intro Mgmt Info Systems","2672","Information/Decision Sciences","9","16","12","8","1","0","0","0","0","0","0","0","0","0","0","2","Lundquist, Doug E","48"
"IDS","371","Business Statistics II","2672","Information/Decision Sciences","6","19","11","6","4","0","0","0","0","0","0","0","0","0","0","1","Sparks, John","47"
"IDS","567","Business Data Visualization","2672","Information/Decision Sciences","44","4","2","0","0","0","0","0","0","0","0","0","0","0","0","1","Grad Asst","51"
"JD","414","Const Law I","2984","UIC Law","21","25","9","0","0","0","0","0","1","2","0","0","0","0","0","2","Schwinn, Steven D","60"
"JD","494","Health Care Reform ACA","2984","UIC Law","8","5","2","0","0","0","0","0","0","0","0","0","0","0","0","0","Lapin, Howard Bernard","15"
"JD","532","Glob Invest Law","2984","UIC Law","9","1","0","1","0","0","0","0","0","0","0","0","0","0","0","1","Friedman, Andrew Benjamin","12"
"JD","533","RE: Comm Interest Communities","2984","UIC Law","3","6","5","0","0","0","0","0","1","0","0","0","0","0","0","0","McKenzie, Evan C","15"
"LAW","407","Academic Skills","2984","UIC Law","0","0","0","0","0","0","0","0","0","0","0","0","0","0","0","5","Wilson, John Wellington","5"
"ACTG","500","Intro Financial Actg","2656","Accounting","21","4","1","0","1","0","0","0","1","0","0","0","0","0","0","0","Atatsi, Joseph","28"
"ANTH","105","Human Evolution","2841","Anthropology","13","10","7","2","1","0","0","0","0","0","0","0","0","0","0","1","Lee, Amanda","34"
"ART","280","Collab Printmaking Print Shop","2583","Art","6","2","2","0","1","0","0","0","0","0","0","0","0","0","0","2","Estrada, William","13"
"BHIS","529","Business Intel & Analytics","2318","Biomed & Health Info Sciences","34","3","1","0","0","0","0","0","1","0","0","0","0","0","0","2","Isola, Miriam L.","41"
"BIOS","431","Plant & Animal Interactions","2453","Biological Sciences","13","3","0","0","0","0","0","0","0","0","0","0","0","0","0","0","Warpeha, Katherine Mary","16"
"CELE","600","Elective Clerkship","2649","Administration","0","0","0","0","0","5","0","0","0","0","95","27","0","0","0","0","Thomas, Dorian E","127"
"CELE","606","Special Topics-Medicine","2586","Medicine","0","0","0","0","0","0","0","0","0","0","8","5","0","0","0","0","Thomas, Dorian E","13"
"CHEM","122","General Chemistry I Lecture","2458","Chemistry","8","15","26","9","6","0","0","0","0","0","2","0","0","0","0","5","Montano, Sherwin","71"
"CHEM","125","General Chemistry Lab II","2458","Chemistry","40","23","12","4","10","0","0","0","0","0","0","0","0","0","0","11","Grad Asst","100"
"CI","429","Sec Sci Ed in Urban Settings","2783","Curriculum and Instruction","10","0","0","0","0","0","0","0","1","0","0","0","0","0","0","1","Nishimura, Marlynne K","12"
"CLER","621","Family Practice","2254","Family and Community Medicine","0","0","0","0","0","4","0","5","0","0","7","4","1","0","0","0","Zacharias, Amy Lyn","21"
"CLER","625","Pediatric Sub-Internship","2905","Pediatrics","0","0","0","0","0","2","0","0","0","0","2","6","0","0","0","0","Boucher-Berry, Claudia C","10"
"CLER","632","Psychiatry","2307","Psychiatry","0","0","0","0","0","1","0","0","0","0","9","8","1","0","0","0","Thomas, Dorian E","19"
"CLER","633","Pediatrics","2339","Pediatrics","0","0","0","0","0","12","0","0","0","0","8","4","0","0","0","0","Thomas, Dorian E","24"
"CLJ","220","Criminology","2909","Criminology, Law, and Justice","16","2","0","0","1","0","0","0","0","0","0","0","0","0","0","1","Grad Asst","20"
"COMM","102","Intro Interpersonal Comm","2493","Communication","16","6","2","1","2","0","0","0","0","0","0","0","0","0","0","3","Page, Janis Teruggi","30"
"CS","478","Development of Mobile Apps","2699","Computer Science","21","11","7","5","5","0","0","0","1","0","0","0","0","0","0","4","Hallenbeck, Mark","54"
"DHD","594","3D Printing in Assistive Tech","2871","Disability & Human Development","11","0","0","0","0","0","0","0","0","0","0","0","0","0","0","0","Hooyenga, Kathy A","11"
"EAES","101","Global Environmental Change","2474","Earth & Environmental Sciences","18","15","3","3","7","0","0","0","0","0","0","0","0","0","0","1","Malone, Andrew","47"
"ECE","333","Computer Comm Networks I","2949","Electrical & Computer Engr","3","7","0","1","0","0","0","0","0","0","0","0","0","0","0","0","Salam, Mohammed Abdul","11"
"EDPS","592","Prof Career Training in EDPS","2835","Educational Policy Studies","32","0","0","0","0","0","0","0","0","0","0","0","0","0","0","1","Barron, Cynthia K","33"
"ENGL","160","Academic Writing I","2492","English","4","4","0","3","8","0","0","0","0","0","0","0","0","0","0","3","Grad Asst","22"
"ENGL","160","Academic Writing I","2492","English","5","5","2","0","4","0","0","0","0","0","0","0","0","0","0","0","Sheldon, Douglas Harold","16"
"ENGL","305","Studies in Fiction","2492","English","0","0","0","0","0","0","0","0","0","0","17","0","0","0","0","0","Schaafsma, David W","17"
"FIN","510","Investments","2691","Finance","48","1","0","0","0","0","0","0","2","0","0","0","0","0","0","1","Fuzesi, Barbara","52"
"HIST","235","The Rise and Fall of Communism","2316","History","17","5","0","0","1","0","0","0","0","0","0","0","0","0","0","0","Fidelis, Malgorzata","23"
"HN","455","Supervised Practice II","2960","Kinesiology and Nutrition","0","0","0","0","0","0","0","0","0","0","0","0","0","34","1","0","Oshita, Shayna Emily","35"
"HPA","420","US Hlth Care System for PHP","2399","Health Policy & Administration","19","3","0","0","0","0","0","0","0","0","0","0","0","0","0","1","Govia, Carlo M","23"
"TADR","401","Trial Ad Acc","2984","UIC Law","9","0","0","0","0","0","0","0","0","0","0","0","0","0","0","0","Mundy, Hugh M","9"
"TADR","471","Externship: Judicial Seminar","2984","UIC Law","14","0","0","0","0","0","0","0","0","0","0","0","0","0","0","0","Snow, Stephanie Annette","14"
"IPHS","511","Personal Leadership Devel","2592","School of Public Health","17","0","0","0","0","0","0","0","0","0","0","0","0","0","0","0","Flores, Alina Lopez","17"
"KN","254","Human Anatomy & Phys II","2960","Kinesiology and Nutrition","7","8","3","0","0","0","0","0","0","0","0","0","0","0","0","1","Corbo, Gillian","19"
"LALS","101","Intro Latin American Studies","2988","Latin American &Latino Studies","7","4","2","0","1","0","0","0","0","0","0","0","0","0","0","0","Boles, Jennifer L","14"
"LAW","405","Topics in Contracts Law","2984","UIC Law","4","9","11","1","1","0","0","0","0","0","0","0","0","0","0","7","Jones, Samuel V","33"
"LAW","422","LSIII","2984","UIC Law","10","12","0","0","0","0","0","0","0","0","0","0","0","0","0","3","Hodge, Joanne Simboli","25"
"MATH","210","Calculus III","2610","Math, Statistics, & Comp Scnc","9","13","8","0","4","0","0","0","0","0","0","0","0","0","0","2","Doyle, Timothy Michael","36"
"MCS","471","Numerical Analysis","2610","Math, Statistics, & Comp Scnc","0","7","7","3","2","0","0","0","0","0","0","0","0","0","0","1","Abramov, Rafail","20"
"MDP","623","Synthesis 5-6","2718","Administration","0","0","0","0","0","0","0","0","0","0","0","0","0","62","0","0","Thomas, Dorian E","62"
"MDR","623","Synthesis 5-6","2718","Administration","0","0","0","0","0","0","0","0","0","0","0","0","0","55","0","0","Thomas, Dorian E","55"
"ME","428","Numerical Methods in ME","2323","Mechanical & Industrial Engr","12","9","11","6","3","0","0","0","1","0","0","0","0","0","0","1","Komperda, Jonathan","43"
"MHPE","504","Leadership in Health Prof Ed","2857","Medical Education","17","1","0","0","0","0","0","0","0","0","0","0","0","0","0","0","Hirshfield, Laura","18"
"MUS","118","American Popular Music","2680","Music","31","1","0","1","0","0","0","0","0","0","0","0","0","0","0","0","Rosenberg, Ruth Emily","33"
"NUPR","410","Integrated Practicum II","2591","Nursing Administration","0","0","0","0","0","0","0","0","1","0","0","0","0","76","1","1","Schwind, Julie Ann","79"
"NURS","390","Nsg Leadershp&Mgmt in Hlthcare","2591","Nursing Administration","30","12","3","0","0","0","0","0","2","0","1","0","0","0","0","0","Grad Asst","48"
"NURS","390","Nsg Leadershp&Mgmt in Hlthcare","2591","Nursing Administration","8","6","1","0","0","0","0","0","0","0","0","0","0","0","0","0","Vaughan, Leta M","15"
"OT","549","Fieldwork Level IIB","2725","Occupational Therapy","0","0","0","0","0","0","0","0","0","0","19","0","0","0","0","0","Hansen, Piper Elaine","19"
"OT","555","Synthesis III","2725","Occupational Therapy","0","0","0","0","0","0","0","0","0","0","1","0","0","45","0","0","Peterson, Elizabeth Walker","46"
"PHAR","602","APPE: Community Pharmacy","2712","Pharmacy","24","1","0","0","0","0","0","0","0","0","2","0","0","0","0","0","Allen, Sheila Mary","27"
"PHAR","603","APPE: Hospital/Health-System","2712","Pharmacy","28","0","0","0","0","0","0","0","0","0","1","0","0","0","0","0","Allen, Sheila Mary","29"
"PSCH","210","Theories of Personality","2885","Psychology","37","25","6","1","4","0","0","0","2","0","0","0","0","0","0","4","Silverthorn, Naida","79"
"PUBH","100","Health and the Public","2687","Public Health Undergrad Prog","14","11","3","2","2","0","0","0","0","0","0","0","0","0","0","3","Castillo, Amparo Del Socorro","35"
"SOC","105","Social Problems","2772","Sociology","20","3","3","0","3","0","0","0","0","0","0","0","0","0","0","2","James, Kevin Lamarr","31"
"SOC","226","Latinas in US","2988","Latin American &Latino Studies","6","2","3","2","1","0","0","0","1","0","0","0","0","0","0","0","Gutierrez, Elena Rebeca","15"
"SOCW","570","Field Instruction I","2630","Jane Addams Social Work","0","0","0","0","0","0","0","0","0","0","13","0","0","0","0","0","Coats, Barbara C","13"
"SPED","465","Students High Incidence Disab","2588","Special Education","16","0","0","0","0","0","0","0","0","0","0","0","0","0","0","0","Hughes, Marie Tejero","16"
"SPED","522","Special Educator as Consultant","2588","Special Education","12","1","0","0","0","0","0","0","0","0","0","0","0","0","0","0","Parker-Katz, Michelle Beth","13"
"TADR","401","Trial Ad Acc","2984","UIC Law","10","0","0","0","0","0","0","0","0","0","0","0","0","0","0","0","Peters, Victoria J","10"
"TADR","469","Extern: Local Gov & NP Sem","2984","UIC Law","10","1","1","0","0","0","0","0","0","0","0","0","0","0","0","0","Bess, Megan","12"
"LAW","422","LSIII","2984","UIC Law","3","10","0","0","0","0","0","0","0","0","0","0","0","0","0","1","Bierig, Steven Mark","14"
"LAW","422","LSIII","2984","UIC Law","5","10","3","0","0","0","0","0","0","0","0","0","0","0","0","0","Finkle, Lester Wolfe","18"
"MATH","180","Calculus I","2610","Math, Statistics, & Comp Scnc","13","4","6","1","1","0","0","0","0","0","0","0","0","0","0","1","Bridges, Mercer Truett","26"
"MATH","194","Spec Topics in Math","2610","Math, Statistics, & Comp Scnc","9","5","4","5","0","0","0","0","0","0","0","0","0","0","0","0","Grad Asst","23"
"MATH","220","Differential Equations I","2610","Math, Statistics, & Comp Scnc","11","13","6","2","4","0","0","0","0","0","0","0","0","0","0","3","Kobotis, Evangelos","39"
"MKTG","500","Introduction to Marketing","2417","Department of Marketing","33","0","0","0","0","0","0","0","0","0","0","0","0","0","0","0","Lichtenstein, Dale","33"
"MKTG","563","Marketing Research I","2417","Department of Marketing","20","0","0","0","0","0","0","0","0","0","0","0","0","0","0","0","Grubisich, Vernon","20"
"MUS","100","Introduction To Music I","2680","Music","16","6","0","2","2","0","0","0","0","0","0","0","0","0","0","1","Grad Asst","27"
"NUPR","410","Integrated Practicum II","2591","Nursing Administration","0","0","0","0","0","0","0","0","0","0","0","0","0","10","1","0","Betka, Alisha Annette","11"
"NUPR","420","Clinical Synthesis","2591","Nursing Administration","0","0","0","0","0","0","0","0","0","0","0","0","0","10","0","0","Leipold, Catherine","10"
"NUPR","420","Clinical Synthesis","2591","Nursing Administration","0","0","0","0","0","0","0","0","0","0","0","0","0","72","0","1","Ricca, Paige Quigley","73"
"NUPR","521","Clinical Prac Primry Care I","2662","Pop Health Nursing Science","33","0","0","0","0","0","0","11","0","0","0","0","0","0","0","0","McNamara, Mary M","44"
"NUPR","572","Practicum: Hlth Care of Women","2842","Human Development Nursing Sci","18","1","0","0","0","0","0","0","2","0","0","0","0","0","0","0","Rosenberger, Kelly D","21"
"NURS","212","Hlth Assessment /Communication","2462","Biobehavioral Nursing Science","19","0","0","0","0","0","0","0","3","0","28","0","0","0","0","1","Grad Asst","51"
"NURS","516","EBP 2","2462","Biobehavioral Nursing Science","7","1","0","0","0","0","0","0","0","0","1","0","0","0","0","1","Lamb, Karen V","10"
"NURS","540","APN Issues and Policy","2662","Pop Health Nursing Science","0","0","0","0","0","0","0","0","0","0","58","0","0","0","0","1","Pierre, Natacha G","59"
"PCOL","599","PhD Thesis Research","2494","Pharmacol & Regenerative Med","0","0","0","0","0","0","0","0","0","0","0","0","0","10","0","0","Rehman, Jalees","10"
"PELE","616","Medical Imaging","2806","Radiology","0","0","0","0","0","0","0","0","0","0","1","16","0","0","0","0","Thomas, Dorian E","17"
"POLS","353","Constitutional Law","2734","Political Science","15","2","0","2","0","0","0","0","0","0","0","0","0","0","0","2","Lyles, Kevin L","21"
"PSCH","320","Developmental Psychology","2885","Psychology","36","12","2","1","1","0","0","0","1","0","0","0","0","0","0","0","Baker, Christopher Albert","53"
"PSCH","352","Cognition and Memory","2885","Psychology","8","3","6","1","2","0","0","0","0","0","0","0","0","0","0","1","Grad Asst","21"
"PT","641","Clinical Internship II","2827","Physical Therapy","0","0","0","0","0","0","0","0","1","0","0","0","0","55","1","1","Chase, Kristine Michelle","58"
"SPED","467","Students w/Low Incidence Disab","2588","Special Education","49","0","0","0","0","0","0","0","0","0","0","0","0","0","0","0","Gregori, Emily Victoria","49"
"STAT","101","Introduction to Statistics","2610","Math, Statistics, & Comp Scnc","8","4","1","1","1","0","0","0","0","0","0","0","0","0","0","1","Barajas, Wilson","16"
"TADR","413","Moot Ct Exec Bd","2984","UIC Law","0","0","0","0","0","0","0","0","0","0","0","0","0","0","0","0","Hodge, Joanne Simboli","0"
"TADR","470","Extern: Criminal Law Seminar","2984","UIC Law","15","0","0","0","0","0","0","0","0","0","0","0","0","0","0","0","Ivory, Danita","15"
"TADR","472","Extern: Local Gov & NP Field","2984","UIC Law","0","0","0","0","0","0","0","0","0","0","0","0","0","0","0","0","Bess, Megan","0"
"TADR","472","Extern: Local Gov & NP Field","2984","UIC Law","0","0","0","0","0","0","0","0","0","0","1","0","0","0","0","0","Boxerman, Marc J","1"
"IDS","410","Bus Database Technology","2672","Information/Decision Sciences","4","20","8","1","0","0","0","0","0","0","0","0","0","0","0","0","Chang, Yann Tiesun","33"
"IPHS","420","Interprofessional Education","2592","School of Public Health","0","0","0","0","0","0","0","2","0","0","0","0","0","8","0","2","Kapadia, Devangna Alpesh","12"
"ITAL","280","Italian & Italian Amer Cinema","2606","Hispanic and Italian Studies","7","2","1","0","0","0","0","0","0","0","0","0","0","0","0","0","Fabbian, Maria Chiara","10"
"LAW","535","Est and Trusts","2984","UIC Law","13","19","12","1","0","0","0","0","1","0","0","0","0","0","0","2","Kordesh, Maureen Straub","48"
"MATH","181","Calculus II","2610","Math, Statistics, & Comp Scnc","19","8","13","2","6","0","0","0","0","0","0","0","0","0","0","5","Shulman, Andrew M","53"
"MATH","417","Complex Analysis","2610","Math, Statistics, & Comp Scnc","4","3","2","1","1","0","0","0","0","0","0","0","0","0","0","3","Bridges, Mercer Truett","14"
"MDR","613","Doctoring Clinical Skills 3","2718","Administration","0","0","0","0","0","0","0","0","0","0","1","0","0","54","0","0","Thomas, Dorian E","55"
"ME","347","Computer-Aided Design","2323","Mechanical & Industrial Engr","17","12","11","10","4","0","0","0","0","0","0","0","0","0","0","1","Hatami Marbini, Hamed","55"
"MGMT","452","Organizational Behavior","2846","Managerial Studies","6","10","10","0","1","0","0","0","0","0","0","0","0","0","0","1","Grad Asst","28"
"MGMT","495","Competitive Strategy","2846","Managerial Studies","34","11","8","1","0","0","0","0","0","0","0","0","0","0","0","1","Cooper, James Wesley","55"
"MGMT","541","Organizational Behavior","2846","Managerial Studies","45","1","0","0","1","0","0","0","0","0","0","0","0","0","0","0","Barlow, Christopher","47"
"MGMT","590","Strategic Management","2846","Managerial Studies","33","1","0","1","0","0","0","0","0","0","0","0","0","0","0","0","Barlow, Christopher","35"
"MKTG","465","Strategic Marketing","2417","Department of Marketing","2","4","3","1","0","0","0","0","0","0","0","0","0","0","0","0","Moon, Kim","10"
"MKTG","469","Global Marketing","2417","Department of Marketing","29","3","2","0","0","0","0","0","0","0","0","0","0","0","0","2","Grad Asst","36"
"NURS","342","Caring in Professional Nursing","2591","Nursing Administration","71","4","3","0","0","0","0","0","0","0","28","0","0","0","0","3","Grad Asst","109"
"NURS","516","EBP 2","2462","Biobehavioral Nursing Science","24","1","0","0","0","0","0","0","0","0","0","0","0","0","0","0","McPherson, Sara Elisabeth","25"
"NURS","541","Nurs Info Systems & Technology","2662","Pop Health Nursing Science","65","3","0","0","0","0","0","0","0","0","2","0","0","0","0","0","Thorlton, Janet Rose","70"
"PMPR","442","Intro to Specialty Pharmacy","2967","Pharmacy Practice","12","1","0","0","0","0","0","0","0","0","0","0","0","0","0","0","Kumor, Lisa Marie","13"
"PSCH","100","Introductory Psychology","2885","Psychology","24","22","12","2","5","0","0","0","1","0","0","0","0","0","0","9","Cervone, Daniel P","75"
"PSCH","242","Intro to Research in Psch","2885","Psychology","32","9","5","4","4","0","0","0","0","0","0","0","0","0","0","5","Blumenthal, Emily","59"
"PT","616","Biophysics","2827","Physical Therapy","29","27","0","0","0","0","0","0","0","0","0","0","0","0","0","0","Keil, Aaron","56"
"SPAN","103","Intermediate Spanish I","2606","Hispanic and Italian Studies","14","8","9","2","3","0","0","0","0","0","0","0","0","0","0","2","Grad Asst","38"
"SPED","573","Special Ed Research","2588","Special Education","22","2","1","0","0","0","0","0","0","0","4","0","0","0","0","0","Grad Asst","29"
"TADR","474","Externship: Judicial Fieldwork","2984","UIC Law","0","0","0","0","0","0","0","0","0","0","0","0","0","0","0","0","Ficaro, Gina Marie","0"
"TADR","487","Clinic: Vet Class","2984","UIC Law","8","2","0","0","0","0","0","0","0","0","0","0","0","0","0","1","Berner, Jillian E","11"
"TX","508","State and Local RE Tax","2984","UIC Law","8","1","0","0","0","0","0","0","0","0","0","0","0","0","0","0","Moran, Timothy Edward","9"
